"Evar","snp","N.caco","beta.cc","se.cc","pval.cc","feature","N.nm","beta.nm","se.nm","pval.nm","N.mut","beta.mut","se.mut","pval.mut","N.ca","beta.ca","se.ca","pval.ca"
"folate_sup_yn","chr3_12041456_T_A_dose","4178/5342",0.428859918406602,0.285589983224412,0.133184157330588,"braf","3304/5342",0.2413734,0.3128074,0.44033003,"488/5342",1.306628,0.6020872,0.02999443,"488/3304",1.0032564133282,0.644403105540203,0.119499676535689
"folate_sup_yn","chr3_12041456_T_A_dose","4178/5342",0.428859918406602,0.285589983224412,0.133184157330588,"kras_any","2417/5342",0.3718963,0.3283663,0.2573968,"1248/5342",0.4317771,0.4525266,0.3400091,"1248/2417",0.0201927911089896,0.491802174032871,0.967249045650494
"folate_sup_yn","chr3_12041456_T_A_dose","4178/5342",0.428859918406602,0.285589983224412,0.133184157330588,"cimp","2589/5342",0.2412713,0.3221282,0.4538623,"586/5342",0.8791469,0.6347027,0.1660121,"586/2589",0.600537410494012,0.675650063847465,0.374094956032273
"folate_sup_yn","chr3_12041456_T_A_dose","4178/5342",0.428859918406602,0.285589983224412,0.133184157330588,"ihc_msi_combined","3264/5342",0.2881901,0.3127736,0.3568408,"637/5342",0.8738945,0.5450261,0.1088465,"637/3264",0.787336871180154,0.598985130657605,0.188694327379327
"folate_sup_yn","chr6_23445253_T_A_dose","4178/5342",-0.157924088171464,0.0615191626381391,0.0102561466624661,"braf","3304/5342",-0.1484884,0.06605729,0.02458428,"488/5342",-0.2580802,0.14078034,0.06677102,"488/3304",-0.124031776087606,0.145946550615045,0.395411915759133
"folate_sup_yn","chr6_23445253_T_A_dose","4178/5342",-0.157924088171464,0.0615191626381391,0.0102561466624661,"kras_any","2417/5342",-0.1610152,0.07285174,0.0270929,"1248/5342",-0.1705993,0.09163756,0.06264897,"1248/2417",-0.0120962861320889,0.101313606083418,0.904962827949377
"folate_sup_yn","chr6_23445253_T_A_dose","4178/5342",-0.157924088171464,0.0615191626381391,0.0102561466624661,"cimp","2589/5342",-0.07345995,0.07075093,0.29913531,"586/5342",-0.32890731,0.12866389,0.01057829,"586/2589",-0.267602127410967,0.138191314170411,0.0528112319286279
"folate_sup_yn","chr6_23445253_T_A_dose","4178/5342",-0.157924088171464,0.0615191626381391,0.0102561466624661,"ihc_msi_combined","3264/5342",-0.1490448,0.06609758,0.02413831,"637/5342",-0.2183774,0.1250368,0.08072328,"637/3264",-0.081414424491694,0.131564925453775,0.536037863085029
